time,trial
46.437830,1
45.285615,2
47.402104,3
51.541172,4
46.879090,5
49.153963,6
47.752498,7
50.914991,8
50.958665,9
49.133272,10
46.027414,11
45.856705,12
46.350352,13
46.540067,14
45.332625,15
