time,trial
0.035129,1
0.028703,2
0.025440,3
0.025716,4
0.023581,5
0.021929,6
0.025168,7
0.023705,8
0.025755,9
0.026211,10
0.025834,11
0.025821,12
0.026077,13
0.026008,14
0.025728,15
