time,trial
0.034816,1
0.025704,2
0.024441,3
0.024065,4
0.024087,5
0.023666,6
0.023963,7
0.023718,8
0.023410,9
0.022715,10
0.023739,11
0.022496,12
0.023359,13
0.023726,14
0.024170,15