time,trial
0.323165,1
0.239459,2
0.241441,3
0.243399,4
0.240900,5
0.242918,6
0.244501,7
0.240799,8
0.244648,9
0.236042,10
0.244321,11
0.242141,12
0.242516,13
0.243519,14
0.238545,15