time,trial
7.985433,1
8.191988,2
8.380700,3
9.610500,4
9.575793,5
9.575161,6
9.579556,7
9.585674,8
9.595676,9
9.601980,10
9.608420,11
9.608247,12
9.584499,13
9.578864,14
9.597651,15