time,trial
0.349322,1
0.342461,2
0.344319,3
0.345602,4
0.343685,5
0.344131,6
0.342595,7
0.341617,8
0.341947,9
0.345127,10
0.342714,11
0.346467,12
0.334979,13
0.343355,14
0.344149,15