time,trial
0.041757,1
0.032969,2
0.032034,3
0.032423,4
0.032810,5
0.032645,6
0.032499,7
0.031802,8
0.031994,9
0.032414,10
0.032315,11
0.032710,12
0.032513,13
0.032676,14
0.032626,15